{
    "capabilities": [
        {
            "browserName": "chrome",
            "version": "5.1",
            "maxInstances": 1,
            "platform": "ANDROID",
            "applicationName": "R32D1026TXE"
        }
    ],
    "configuration": {
        "nodeTimeout": 120,
        "port": 4723,
        "hubPort": 11223,
        "proxy": "org.openqa.grid.selenium.proxy.DefaultRemoteProxy",
        "url": "http://localhost:4723/wd/hub",
        "hub": "http://localhost:11223/grid/register",
        "hubHost": "localhost",
        "nodePolling": 2000,
        "registerCycle": 10000,
        "register": true,
        "cleanUpCycle": 2000,
        "timeout": 120,
        "maxSession": 1
    }
}
