<?xml version="1.0" encoding="UTF-8"?>
<!DOCTYPE suite SYSTEM "http://testng.org/testng-1.0.dtd">
<suite name="Suite">
  <test thread-count="5" name="Test">
  <groups>
  <run>
  <include name="common"></include>
  <include name="smoke"></include>
  <include name="sanity"></include>
  <include name="regression"></include>
  </run>
  </groups>
    <classes>
      <class name="testcases.Lead.CreateLead"/>
      <class name="testcases.Lead.DeleteLead"/>
      <class name="testcases.Lead.EditLead"/>
    </classes>
  </test> <!-- Test -->
</suite> <!-- Suite -->
