<?xml version="1.0" encoding="UTF-8"?>
<!DOCTYPE suite SYSTEM "http://testng.org/testng-1.0.dtd">
<suite name="Suite">
<test name="Sequentially">
    <classes>
      <class name="testcases.Lead.CreateLead"/>
      <class name="testcases.Lead.EditLead"/>
    </classes>
  </test> <!-- Sequentially -->
<test thread-count="2" name="Parallely" parallel="classes">
    <classes>
      <class name="testcases.Lead.DeleteLead"/>
      <class name="testcases.Lead.MergeLead"/>
    </classes>
  </test> <!-- Parallely -->
  
  
</suite> <!-- Suite -->
