<?xml version="1.0" encoding="UTF-8"?>
<!DOCTYPE suite SYSTEM 'http://testng.org/testng-1.0.dtd'>
<suite name="AMP" parallel="tests" thread-count="5">
    <parameter name="browserName" value="chrome"/>
    <parameter name="groupName" value="${groupName}"/>
    <listeners>
        <listener class-name="com.guidewire.common.testNG.InvocationListner"/>
        <listener class-name="com.guidewire.common.testNG.TestListener"/>
        <listener class-name="com.guidewire.common.testNG.AnnotationTransformer"/>
        <listener class-name="org.uncommons.reportng.HTMLReporter"/>
        <listener class-name="org.uncommons.reportng.JUnitXMLReporter"/>
    </listeners>
    <test name="CHROME" parallel="methods" thread-count="6">
        <parameter name="browserName" value="chrome"/>
        <classes>
            <!-- <class name="com.guidewire.capabilities.amp.test.AccountInformation"/> -->
            <class
                    name="com.guidewire.capabilities.amp.test.LandingPage"/>
            <class
                    name="com.guidewire.capabilities.amp.test.PolicyDetailsTest"/>
            <class
                    name="com.guidewire.capabilities.amp.test.QuickLinks"/>
            <class
                    name="com.guidewire.capabilities.billing.test.accountlevelbilling.BillingSummaryTest"/>
            <class
                    name="com.guidewire.capabilities.billing.test.accountlevelbilling.MakeAPaymentTest"/>
            <class
                    name="com.guidewire.capabilities.billing.test.AutomaticPayments"/>
            <class
                    name="com.guidewire.capabilities.fnol.test.amp.pa.AMP_PAFileAClaimTest"/>
            <class
                    name="com.guidewire.capabilities.fnol.test.amp.ho.AMP_HOFileAClaimTest"/>
            <class
                    name="com.guidewire.capabilities.endorsement.test.pa.PAEndorsementCoveragesTest"/>
            <class
                    name="com.guidewire.capabilities.endorsement.test.pa.EndorsementsVehiclesTest"/>
            <class
                    name="com.guidewire.capabilities.endorsement.test.pa.EndorsementsDriversTest"/>
            <class
                    name="com.guidewire.capabilities.endorsement.test.pa.EndorsementDatePicker"/>
            <class
                    name="com.guidewire.capabilities.endorsement.test.ho.HOEndorsementCoveragesTest"/>
            <class
                    name="com.guidewire.capabilities.endorsement.test.ho.EndorsementMortageeTest"/>
            <class
                    name="com.guidewire.capabilities.endorsement.test.ho.EndorsementValuablesTest"/>
            <class
                    name="com.guidewire.capabilities.faq.test.FaqTest"/>
            <class
                    name="com.guidewire.capabilities.fnol.test.amp.general.AMP_GeneralFileAClaimTest"/>
            <class
                    name="com.guidewire.capabilities.fnol.test.amp.wc.AMP_WCFileAClaimTest"/>
            <class
                    name="com.guidewire.capabilities.claims.test.amp.AMP_ClaimListPageUIValidationTest"/>
            <class
                    name="com.guidewire.capabilities.renewal.test.pa.PARenewalTest"/>
            <class
                    name="com.guidewire.capabilities.renewal.test.ho.HORenewalTest"/>
            <class
                    name="com.guidewire.capabilities.endorsement.test.hop.HOPEndorsementTest"/>
            <class
                    name="com.guidewire.capabilities.amp.test.SignUpPageTest"/>
            <class
                    name="com.guidewire.capabilities.amp.test.AdditionalEnrollmentPageTest"/>
            <class
                    name="com.guidewire.capabilities.amp.test.PolicyChangePageTest"/>
            <class
                    name="com.guidewire.capabilities.renewal.test.others.OtherRenewalTest"/>
            <class
                    name="com.guidewire.capabilities.billing.test.policylevelbilling.HOAutomaticPaymentTest"/>
            <class
                    name="com.guidewire.capabilities.billing.test.policylevelbilling.HOPAutomaticPaymentTest"/>
            <class
                    name="com.guidewire.capabilities.billing.test.policylevelbilling.PAAutomaticPaymentTest"/>
            <class
                    name="com.guidewire.capabilities.billing.test.accountlevelbilling.AutomaticPaymentTest"/>
            <class
                    name="com.guidewire.capabilities.billing.test.policylevelbilling.BillingSummaryTest"/>
        </classes>
    </test>
    <test name="FIREFOX" parallel="methods" thread-count="10">
        <parameter name="browserName" value="firefox"/>
        <classes>
            <class
                    name="com.guidewire.capabilities.amp.test.QuickLinks"/>
            <class
                    name="com.guidewire.capabilities.amp.test.LandingPage"/>
            <class
                    name="com.guidewire.capabilities.amp.test.PolicyDetailsTest"/>
            <class
                    name="com.guidewire.capabilities.billing.test.accountlevelbilling.BillingSummaryTest"/>
            <class
                    name="com.guidewire.capabilities.billing.test.accountlevelbilling.MakeAPaymentTest"/>
            <class
                    name="com.guidewire.capabilities.billing.test.AutomaticPayments"/>
            <!--<class name="com.guidewire.capabilities.amp.test.AccountInformation"/> -->
            <class
                    name="com.guidewire.capabilities.fnol.test.amp.pa.AMP_PAFileAClaimTest"/>
            <class
                    name="com.guidewire.capabilities.fnol.test.amp.ho.AMP_HOFileAClaimTest"/>
            <class
                    name="com.guidewire.capabilities.endorsement.test.pa.PAEndorsementCoveragesTest"/>
            <class
                    name="com.guidewire.capabilities.endorsement.test.pa.EndorsementsVehiclesTest"/>
            <class
                    name="com.guidewire.capabilities.endorsement.test.pa.EndorsementsDriversTest"/>
            <class
                    name="com.guidewire.capabilities.endorsement.test.pa.EndorsementDatePicker"/>
            <class
                    name="com.guidewire.capabilities.endorsement.test.ho.HOEndorsementCoveragesTest"/>
            <class
                    name="com.guidewire.capabilities.endorsement.test.ho.EndorsementMortageeTest"/>
            <class
                    name="com.guidewire.capabilities.endorsement.test.ho.EndorsementValuablesTest"/>
            <class
                    name="com.guidewire.capabilities.endorsement.test.hop.HOPEndorsementTest"/>
            <class
                    name="com.guidewire.capabilities.faq.test.FaqTest"/>
            <class
                    name="com.guidewire.capabilities.fnol.test.amp.wc.AMP_WCFileAClaimTest"/>
            <class
                    name="com.guidewire.capabilities.claims.test.amp.AMP_ClaimListPageUIValidationTest"/>
            <class
                    name="com.guidewire.capabilities.renewal.test.pa.PARenewalTest"/>
            <class
                    name="com.guidewire.capabilities.renewal.test.ho.HORenewalTest"/>
            <class
                    name="com.guidewire.capabilities.amp.test.SignUpPageTest"/>
            <class
                    name="com.guidewire.capabilities.amp.test.AdditionalEnrollmentPageTest"/>
            <class
                    name="com.guidewire.capabilities.amp.test.PolicyChangePageTest"/>
            <class
                    name="com.guidewire.capabilities.renewal.test.others.OtherRenewalTest"/>
            <class
                    name="com.guidewire.capabilities.billing.test.policylevelbilling.HOAutomaticPaymentTest"/>
            <class
                    name="com.guidewire.capabilities.billing.test.policylevelbilling.HOPAutomaticPaymentTest"/>
            <class
                    name="com.guidewire.capabilities.billing.test.policylevelbilling.PAAutomaticPaymentTest"/>
            <class
                    name="com.guidewire.capabilities.billing.test.accountlevelbilling.AutomaticPaymentTest"/>
            <class
                    name="com.guidewire.capabilities.billing.test.policylevelbilling.BillingSummaryTest"/>
        </classes>
    </test>
    <test name="IE" parallel="methods" thread-count="10">
        <parameter name="browserName" value="internet explorer"/>
        <classes>
            <class
                    name="com.guidewire.capabilities.amp.test.QuickLinks"/>
            <class
                    name="com.guidewire.capabilities.billing.test.accountlevelbilling.BillingSummaryTest"/>
            <class
                    name="com.guidewire.capabilities.amp.test.LandingPage"/>
            <class
                    name="com.guidewire.capabilities.amp.test.PolicyDetailsTest"/>
            <class
                    name="com.guidewire.capabilities.billing.test.accountlevelbilling.MakeAPaymentTest"/>
            <class
                    name="com.guidewire.capabilities.billing.test.AutomaticPayments"/>
            <!--<class name="com.guidewire.capabilities.amp.test.AccountInformation"/> -->
            <class
                    name="com.guidewire.capabilities.fnol.test.amp.pa.AMP_PAFileAClaimTest"/>
            <class
                    name="com.guidewire.capabilities.fnol.test.amp.ho.AMP_HOFileAClaimTest"/>
            <class
                    name="com.guidewire.capabilities.endorsement.test.pa.PAEndorsementCoveragesTest"/>
            <class
                    name="com.guidewire.capabilities.endorsement.test.pa.EndorsementsVehiclesTest"/>
            <class
                    name="com.guidewire.capabilities.endorsement.test.pa.EndorsementsDriversTest"/>
            <class
                    name="com.guidewire.capabilities.endorsement.test.pa.EndorsementDatePicker"/>
            <class
                    name="com.guidewire.capabilities.endorsement.test.ho.HOEndorsementCoveragesTest"/>
            <class
                    name="com.guidewire.capabilities.endorsement.test.ho.EndorsementMortageeTest"/>
            <class
                    name="com.guidewire.capabilities.endorsement.test.ho.EndorsementValuablesTest"/>
            <class
                    name="com.guidewire.capabilities.faq.test.FaqTest"/>
            <class
                    name="com.guidewire.capabilities.fnol.test.amp.wc.AMP_WCFileAClaimTest"/>
            <class
                    name="com.guidewire.capabilities.claims.test.amp.AMP_ClaimListPageUIValidationTest"/>
            <class
                    name="com.guidewire.capabilities.renewal.test.pa.PARenewalTest"/>
            <class
                    name="com.guidewire.capabilities.renewal.test.ho.HORenewalTest"/>
            <class
                    name="com.guidewire.capabilities.amp.test.SignUpPageTest"/>
            <class
                    name="com.guidewire.capabilities.amp.test.AdditionalEnrollmentPageTest"/>
            <class
                    name="com.guidewire.capabilities.amp.test.PolicyChangePageTest"/>
            <class
                    name="com.guidewire.capabilities.renewal.test.others.OtherRenewalTest"/>
            <class
                    name="com.guidewire.capabilities.billing.test.policylevelbilling.HOAutomaticPaymentTest"/>
            <class
                    name="com.guidewire.capabilities.billing.test.policylevelbilling.HOPAutomaticPaymentTest"/>
            <class
                    name="com.guidewire.capabilities.endorsement.test.hop.HOPEndorsementTest"/>
            <class
                    name="com.guidewire.capabilities.billing.test.policylevelbilling.PAAutomaticPaymentTest"/>
            <class
                    name="com.guidewire.capabilities.billing.test.accountlevelbilling.AutomaticPaymentTest"/>
            <class
                    name="com.guidewire.capabilities.billing.test.policylevelbilling.BillingSummaryTest"/>
        </classes>
    </test>
    <test name="EDGE" parallel="methods" thread-count="2">
        <parameter name="browserName" value="MicrosoftEdge"/>
        <classes>
            <class
                    name="com.guidewire.capabilities.amp.test.QuickLinks"/>
            <class
                    name="com.guidewire.capabilities.billing.test.accountlevelbilling.BillingSummaryTest"/>
            <class
                    name="com.guidewire.capabilities.amp.test.LandingPage"/>
            <class
                    name="com.guidewire.capabilities.amp.test.PolicyDetailsTest"/>
            <class
                    name="com.guidewire.capabilities.billing.test.accountlevelbilling.MakeAPaymentTest"/>
            <class
                    name="com.guidewire.capabilities.billing.test.AutomaticPayments"/>
            <!--<class name="com.guidewire.capabilities.amp.test.AccountInformation"/> -->
            <class
                    name="com.guidewire.capabilities.fnol.test.amp.pa.AMP_PAFileAClaimTest"/>
            <class
                    name="com.guidewire.capabilities.fnol.test.amp.ho.AMP_HOFileAClaimTest"/>
            <class
                    name="com.guidewire.capabilities.endorsement.test.pa.PAEndorsementCoveragesTest"/>
            <class
                    name="com.guidewire.capabilities.endorsement.test.pa.EndorsementsVehiclesTest"/>
            <class
                    name="com.guidewire.capabilities.endorsement.test.pa.EndorsementsDriversTest"/>
            <class
                    name="com.guidewire.capabilities.endorsement.test.pa.EndorsementDatePicker"/>
            <class
                    name="com.guidewire.capabilities.endorsement.test.ho.HOEndorsementCoveragesTest"/>
            <class
                    name="com.guidewire.capabilities.endorsement.test.ho.EndorsementMortageeTest"/>
            <class
                    name="com.guidewire.capabilities.endorsement.test.ho.EndorsementValuablesTest"/>
            <class
                    name="com.guidewire.capabilities.faq.test.FaqTest"/>
            <class
                    name="com.guidewire.capabilities.fnol.test.amp.wc.AMP_WCFileAClaimTest"/>
            <class
                    name="com.guidewire.capabilities.claims.test.amp.AMP_ClaimListPageUIValidationTest"/>
            <class
                    name="com.guidewire.capabilities.renewal.test.pa.PARenewalTest"/>
            <class
                    name="com.guidewire.capabilities.renewal.test.ho.HORenewalTest"/>
            <class
                    name="com.guidewire.capabilities.amp.test.SignUpPageTest"/>
            <class
                    name="com.guidewire.capabilities.amp.test.AdditionalEnrollmentPageTest"/>
            <class
                    name="com.guidewire.capabilities.amp.test.PolicyChangePageTest"/>
            <class
                    name="com.guidewire.capabilities.renewal.test.others.OtherRenewalTest"/>
            <class
                    name="com.guidewire.capabilities.billing.test.policylevelbilling.HOAutomaticPaymentTest"/>
            <class
                    name="com.guidewire.capabilities.billing.test.policylevelbilling.HOPAutomaticPaymentTest"/>
            <class
                    name="com.guidewire.capabilities.billing.test.policylevelbilling.PAAutomaticPaymentTest"/>
            <class
                    name="com.guidewire.capabilities.endorsement.test.hop.HOPEndorsementTest"/>
            <class
                    name="com.guidewire.capabilities.billing.test.accountlevelbilling.AutomaticPaymentTest"/>
            <class
                    name="com.guidewire.capabilities.billing.test.policylevelbilling.BillingSummaryTest"/>
        </classes>
    </test>
    <test name="NEXUS5" parallel="classes" thread-count="1">
        <parameter name="browserName" value="NEXUS5"/>
        <classes>
            <class
                    name="com.guidewire.capabilities.amp.test.QuickLinks"/>
            <class
                    name="com.guidewire.capabilities.billing.test.accountlevelbilling.BillingSummaryTest"/>
            <class
                    name="com.guidewire.capabilities.amp.test.LandingPage"/>
            <class
                    name="com.guidewire.capabilities.amp.test.PolicyDetailsTest"/>
            <class
                    name="com.guidewire.capabilities.billing.test.accountlevelbilling.MakeAPaymentTest"/>
            <class
                    name="com.guidewire.capabilities.billing.test.AutomaticPayments"/>
            <!--<class name="com.guidewire.capabilities.amp.test.AccountInformation"/> -->
            <class
                    name="com.guidewire.capabilities.fnol.test.amp.pa.AMP_PAFileAClaimTest"/>
            <class
                    name="com.guidewire.capabilities.fnol.test.amp.ho.AMP_HOFileAClaimTest"/>
            <class
                    name="com.guidewire.capabilities.endorsement.test.pa.PAEndorsementCoveragesTest"/>
            <class
                    name="com.guidewire.capabilities.endorsement.test.pa.EndorsementsVehiclesTest"/>
            <class
                    name="com.guidewire.capabilities.endorsement.test.pa.EndorsementsDriversTest"/>
            <class
                    name="com.guidewire.capabilities.endorsement.test.pa.EndorsementDatePicker"/>
            <class
                    name="com.guidewire.capabilities.endorsement.test.ho.HOEndorsementCoveragesTest"/>
            <class
                    name="com.guidewire.capabilities.endorsement.test.ho.EndorsementMortageeTest"/>
            <class
                    name="com.guidewire.capabilities.endorsement.test.ho.EndorsementValuablesTest"/>
            <class
                    name="com.guidewire.capabilities.faq.test.FaqTest"/>
            <class
                    name="com.guidewire.capabilities.fnol.test.amp.wc.AMP_WCFileAClaimTest"/>
            <class
                    name="com.guidewire.capabilities.claims.test.amp.AMP_ClaimListPageUIValidationTest"/>
            <class
                    name="com.guidewire.capabilities.renewal.test.pa.PARenewalTest"/>
            <class
                    name="com.guidewire.capabilities.renewal.test.ho.HORenewalTest"/>
            <class
                    name="com.guidewire.capabilities.amp.test.SignUpPageTest"/>
            <class
                    name="com.guidewire.capabilities.amp.test.AdditionalEnrollmentPageTest"/>
            <class
                    name="com.guidewire.capabilities.amp.test.PolicyChangePageTest"/>
            <class
                    name="com.guidewire.capabilities.endorsement.test.hop.HOPEndorsementTest"/>
            <class
                    name="com.guidewire.capabilities.renewal.test.others.OtherRenewalTest"/>
            <class
                    name="com.guidewire.capabilities.billing.test.policylevelbilling.HOAutomaticPaymentTest"/>
            <class
                    name="com.guidewire.capabilities.billing.test.policylevelbilling.HOPAutomaticPaymentTest"/>
            <class
                    name="com.guidewire.capabilities.billing.test.policylevelbilling.PAAutomaticPaymentTest"/>
            <class
                    name="com.guidewire.capabilities.billing.test.accountlevelbilling.AutomaticPaymentTest"/>
            <class
                    name="com.guidewire.capabilities.billing.test.policylevelbilling.BillingSummaryTest"/>
        </classes>
    </test>
    <test name="iPAD" parallel="classes" thread-count="1">
        <parameter name="browserName" value="iPAD"/>
        <classes>
            <class
                    name="com.guidewire.capabilities.amp.test.QuickLinks"/>
            <class
                    name="com.guidewire.capabilities.billing.test.accountlevelbilling.BillingSummaryTest"/>
            <class
                    name="com.guidewire.capabilities.amp.test.LandingPage"/>
            <class
                    name="com.guidewire.capabilities.amp.test.PolicyDetailsTest"/>
            <class
                    name="com.guidewire.capabilities.billing.test.accountlevelbilling.MakeAPaymentTest"/>
            <class
                    name="com.guidewire.capabilities.billing.test.AutomaticPayments"/>
            <!--<class name="com.guidewire.capabilities.amp.test.AccountInformation"/> -->
            <class
                    name="com.guidewire.capabilities.fnol.test.amp.pa.AMP_PAFileAClaimTest"/>
            <class
                    name="com.guidewire.capabilities.fnol.test.amp.ho.AMP_HOFileAClaimTest"/>
            <class
                    name="com.guidewire.capabilities.endorsement.test.pa.PAEndorsementCoveragesTest"/>
            <class
                    name="com.guidewire.capabilities.endorsement.test.pa.EndorsementsVehiclesTest"/>
            <class
                    name="com.guidewire.capabilities.endorsement.test.pa.EndorsementsDriversTest"/>
            <class
                    name="com.guidewire.capabilities.endorsement.test.pa.EndorsementDatePicker"/>
            <class
                    name="com.guidewire.capabilities.endorsement.test.ho.HOEndorsementCoveragesTest"/>
            <class
                    name="com.guidewire.capabilities.endorsement.test.ho.EndorsementMortageeTest"/>
            <class
                    name="com.guidewire.capabilities.endorsement.test.ho.EndorsementValuablesTest"/>
            <class
                    name="com.guidewire.capabilities.faq.test.FaqTest"/>
            <class
                    name="com.guidewire.capabilities.fnol.test.amp.wc.AMP_WCFileAClaimTest"/>
            <class
                    name="com.guidewire.capabilities.claims.test.amp.AMP_ClaimListPageUIValidationTest"/>
            <class
                    name="com.guidewire.capabilities.renewal.test.pa.PARenewalTest"/>
            <class
                    name="com.guidewire.capabilities.renewal.test.ho.HORenewalTest"/>
            <class
                    name="com.guidewire.capabilities.amp.test.SignUpPageTest"/>
            <class
                    name="com.guidewire.capabilities.amp.test.AdditionalEnrollmentPageTest"/>
            <class
                    name="com.guidewire.capabilities.amp.test.PolicyChangePageTest"/>
            <class
                    name="com.guidewire.capabilities.endorsement.test.hop.HOPEndorsementTest"/>
            <class
                    name="com.guidewire.capabilities.renewal.test.others.OtherRenewalTest"/>
            <class
                    name="com.guidewire.capabilities.billing.test.policylevelbilling.HOAutomaticPaymentTest"/>
            <class
                    name="com.guidewire.capabilities.billing.test.policylevelbilling.HOPAutomaticPaymentTest"/>
            <class
                    name="com.guidewire.capabilities.billing.test.policylevelbilling.PAAutomaticPaymentTest"/>
            <class
                    name="com.guidewire.capabilities.billing.test.accountlevelbilling.AutomaticPaymentTest"/>
            <class
                    name="com.guidewire.capabilities.billing.test.policylevelbilling.BillingSummaryTest"/>
        </classes>
    </test>
    <test name="IPHONE6" parallel="classes" thread-count="1">
        <parameter name="browserName" value="IPHONE6"/>
        <classes>
            <class
                    name="com.guidewire.capabilities.amp.test.QuickLinks"/>
            <class
                    name="com.guidewire.capabilities.billing.test.accountlevelbilling.BillingSummaryTest"/>
            <class
                    name="com.guidewire.capabilities.amp.test.LandingPage"/>
            <class
                    name="com.guidewire.capabilities.amp.test.PolicyDetailsTest"/>
            <class
                    name="com.guidewire.capabilities.billing.test.accountlevelbilling.MakeAPaymentTest"/>
            <class
                    name="com.guidewire.capabilities.billing.test.AutomaticPayments"/>
            <!--<class name="com.guidewire.capabilities.amp.test.AccountInformation"/> -->
            <class
                    name="com.guidewire.capabilities.fnol.test.amp.pa.AMP_PAFileAClaimTest"/>
            <class
                    name="com.guidewire.capabilities.fnol.test.amp.ho.AMP_HOFileAClaimTest"/>
            <class
                    name="com.guidewire.capabilities.endorsement.test.pa.PAEndorsementCoveragesTest"/>
            <class
                    name="com.guidewire.capabilities.endorsement.test.pa.EndorsementsVehiclesTest"/>
            <class
                    name="com.guidewire.capabilities.endorsement.test.pa.EndorsementsDriversTest"/>
            <class
                    name="com.guidewire.capabilities.endorsement.test.pa.EndorsementDatePicker"/>
            <class
                    name="com.guidewire.capabilities.faq.test.FaqTest"/>
            <class
                    name="com.guidewire.capabilities.fnol.test.amp.wc.AMP_WCFileAClaimTest"/>
            <class
                    name="com.guidewire.capabilities.claims.test.amp.AMP_ClaimListPageUIValidationTest"/>
            <class
                    name="com.guidewire.capabilities.renewal.test.pa.PARenewalTest"/>
            <class
                    name="com.guidewire.capabilities.renewal.test.ho.HORenewalTest"/>
            <class
                    name="com.guidewire.capabilities.amp.test.SignUpPageTest"/>
            <class
                    name="com.guidewire.capabilities.amp.test.AdditionalEnrollmentPageTest"/>
            <class
                    name="com.guidewire.capabilities.amp.test.PolicyChangePageTest"/>
            <class
                    name="com.guidewire.capabilities.renewal.test.others.OtherRenewalTest"/>
            <class
                    name="com.guidewire.capabilities.billing.test.policylevelbilling.HOAutomaticPaymentTest"/>
            <class
                    name="com.guidewire.capabilities.endorsement.test.hop.HOPEndorsementTest"/>
            <class
                    name="com.guidewire.capabilities.billing.test.policylevelbilling.HOPAutomaticPaymentTest"/>
            <class
                    name="com.guidewire.capabilities.billing.test.policylevelbilling.PAAutomaticPaymentTest"/>
            <class
                    name="com.guidewire.capabilities.billing.test.accountlevelbilling.AutomaticPaymentTest"/>
            <class
                    name="com.guidewire.capabilities.billing.test.policylevelbilling.BillingSummaryTest"/>
        </classes>
    </test>
</suite>