<?xml version="1.0" encoding="UTF-8"?>
<!DOCTYPE suite SYSTEM "http://testng.org/testng-1.0.dtd">
<suite name="GPA" parallel="tests" thread-count="5">

    <parameter name="browserName" value="chrome"></parameter>
    <listeners>
        <listener class-name="com.guidewire.common.testNG.InvocationListner"/>
        <listener class-name="com.guidewire.common.testNG.TestListener"/>
        <listener class-name="com.guidewire.common.testNG.AnnotationTransformer"/>
        <listener class-name="org.uncommons.reportng.HTMLReporter"/>
        <listener class-name="org.uncommons.reportng.JUnitXMLReporter"/>
    </listeners>
    <test name="CHROME" parallel="methods" thread-count="10">
        <parameter name="browserName" value="chrome"/>
        <classes>
            <class
                    name="com.guidewire.capabilities.agent.test.activity.ActivitiesLandingPageTest"/>
            <class
                    name="com.guidewire.capabilities.agent.test.PolicyCreationTest"/>
            <class
                    name="com.guidewire.capabilities.agent.test.CPLineTest"/>
            <class
                    name="com.guidewire.capabilities.agent.test.BOPLineTest"/>
            <class
                    name="com.guidewire.capabilities.agent.test.BOPRenewalTest"/>
            <class
                    name="com.guidewire.capabilities.agent.test.PolicyDetailsPageTest"/>
            <class
                    name="com.guidewire.capabilities.agent.test.PolicyCancellationTest"/>
            <class
                    name="com.guidewire.capabilities.agent.test.BOPPolicyChangeTest"/>
            <class
                    name="com.guidewire.capabilities.agent.test.CPPolicyChangeTest"/>
            <class
                    name="com.guidewire.capabilities.endorsement.test.pa.agent.PAEndorsementTest"/>
            <class
                    name="com.guidewire.capabilities.agent.test.LandingPageTest"/>
            <class
                    name="com.guidewire.capabilities.agent.test.AccountCreationTest"/>
            <class
                    name="com.guidewire.capabilities.agent.test.LandingPageTest"/>
            <class
                    name="com.guidewire.capabilities.fnol.test.gpa.pa.GPA_PAFileAClaimTest"/>
            <class
                    name="com.guidewire.capabilities.fnol.test.gpa.general.GPA_GeneralFileAClaimTest"/>
            <class
                    name="com.guidewire.capabilities.fnol.test.gpa.wc.GPA_WCFileAClaimTest"/>
            <class
                    name="com.guidewire.capabilities.faq.test.FaqTest"/>
            <class
                    name="com.guidewire.capabilities.claims.test.gpa.GPA_ClaimFilteringTest"/>
            <class
                    name="com.guidewire.capabilities.fnol.test.gpa.ho.GPA_HOFileAClaimTest"/>
            <class
                    name="com.guidewire.capabilities.agent.test.PAQuoteCreationTest"/>
            <class
                    name="com.guidewire.capabilities.agent.test.QuoteDetailsPageTest"/>
            <class
                    name="com.guidewire.capabilities.claims.test.gpa.GPA_ClaimListPageUIValidationTest"/>
            <class
                    name="com.guidewire.capabilities.agent.test.HOScheduledItemsTest"/>
            <class
                    name="com.guidewire.capabilities.agent.test.ClaimFeatureTest"/>
            <class
                    name="com.guidewire.capabilities.agent.test.activity.ActivitiesTest"/>
            <class
                    name="com.guidewire.capabilities.agent.test.AccountSummaryTest"/>
            <class
                    name="com.guidewire.capabilities.agent.test.AccountLandingPageTest"/>
            <class
                    name="com.guidewire.capabilities.agent.test.HOQuoteCreationTest"/>
            <class
                    name="com.guidewire.capabilities.agent.test.AccountDetailsTests"/>
            <class
                    name="com.guidewire.capabilities.agent.test.PolicySummaryTest"/>
            <class
                    name="com.guidewire.capabilities.agent.test.HOPQuoteCreationTest"/>
            <class
                    name="com.guidewire.capabilities.agent.test.PolicyChangeFeatureTest"/>
            <class
                    name="com.guidewire.capabilities.agent.test.RiskReservedTest"/>
            <class name="com.guidewire.test.QnB.BOPValidationCommon"/>

        </classes>
    </test>

    <test name="FIREFOX" parallel="methods" thread-count="6">
        <parameter name="browserName" value="firefox"></parameter>
        <classes>
            <class
                    name="com.guidewire.capabilities.agent.test.activity.ActivitiesLandingPageTest"/>
            <class
                    name="com.guidewire.capabilities.agent.test.PolicyCreationTest"/>
            <class
                    name="com.guidewire.capabilities.agent.test.PolicyDetailsPageTest"/>
            <class
                    name="com.guidewire.capabilities.agent.test.PolicyCancellationTest"/>
            <class
                    name="com.guidewire.capabilities.endorsement.test.pa.agent.PAEndorsementTest"/>
            <class
                    name="com.guidewire.capabilities.agent.test.CPLineTest"/>
            <class
                    name="com.guidewire.capabilities.agent.test.BOPLineTest"/>
            <class
                    name="com.guidewire.capabilities.agent.test.BOPPolicyChangeTest"/>
            <class
                    name="com.guidewire.capabilities.agent.test.CPPolicyChangeTest"/>
            <class
                    name="com.guidewire.capabilities.agent.test.LandingPageTest"/>
            <class
                    name="com.guidewire.capabilities.agent.test.AccountCreationTest"/>
            <class
                    name="com.guidewire.capabilities.fnol.test.gpa.pa.GPA_PAFileAClaimTest"/>
            <class
                    name="com.guidewire.capabilities.faq.test.FaqTest"/>
            <class
                    name="com.guidewire.capabilities.fnol.test.gpa.general.GPA_GeneralFileAClaimTest"/>
            <class
                    name="com.guidewire.capabilities.fnol.test.gpa.wc.GPA_WCFileAClaimTest"/>
            <class
                    name="com.guidewire.capabilities.claims.test.gpa.GPA_ClaimFilteringTest"/>
            <class
                    name="com.guidewire.capabilities.fnol.test.gpa.ho.GPA_HOFileAClaimTest"/>
            <class
                    name="com.guidewire.capabilities.agent.test.PAQuoteCreationTest"/>
            <class
                    name="com.guidewire.capabilities.agent.test.QuoteDetailsPageTest"/>
            <class
                    name="com.guidewire.capabilities.claims.test.gpa.GPA_ClaimListPageUIValidationTest"/>
            <class
                    name="com.guidewire.capabilities.agent.test.HOScheduledItemsTest"/>
            <class
                    name="com.guidewire.capabilities.agent.test.ClaimFeatureTest"/>
            <class
                    name="com.guidewire.capabilities.agent.test.activity.ActivitiesTest"/>
            <class
                    name="com.guidewire.capabilities.agent.test.AccountSummaryTest"/>
            <class
                    name="com.guidewire.capabilities.agent.test.AccountLandingPageTest"/>
            <class
                    name="com.guidewire.capabilities.agent.test.HOQuoteCreationTest"/>
            <class
                    name="com.guidewire.capabilities.agent.test.AccountDetailsTests"/>
            <class
                    name="com.guidewire.capabilities.agent.test.PolicySummaryTest"/>
            <class
                    name="com.guidewire.capabilities.agent.test.PolicyChangeFeatureTest"/>
            <class
                    name="com.guidewire.capabilities.agent.test.RiskReservedTest"/>
            <class name="com.guidewire.test.QnB.BOPValidationCommon"/>
            <class
                    name="com.guidewire.capabilities.agent.test.HOPQuoteCreationTest"/>
        </classes>
    </test>

    <test name="IE" parallel="methods" thread-count="7">
        <parameter name="browserName" value="internet explorer"></parameter>
        <classes>
            <class
                    name="com.guidewire.capabilities.agent.test.activity.ActivitiesLandingPageTest"/>
            <class
                    name="com.guidewire.capabilities.agent.test.PolicyCreationTest"/>
            <class
                    name="com.guidewire.capabilities.agent.test.PolicyDetailsPageTest"/>
            <class
                    name="com.guidewire.capabilities.agent.test.PolicyCancellationTest"/>
            <class
                    name="com.guidewire.capabilities.endorsement.test.pa.agent.PAEndorsementTest"/>
            <class
                    name="com.guidewire.capabilities.agent.test.CPLineTest"/>
            <class
                    name="com.guidewire.capabilities.agent.test.BOPLineTest"/>
            <class
                    name="com.guidewire.capabilities.agent.test.BOPPolicyChangeTest"/>
            <class
                    name="com.guidewire.capabilities.agent.test.CPPolicyChangeTest"/>
            <class
                    name="com.guidewire.capabilities.agent.test.LandingPageTest"/>
            <class
                    name="com.guidewire.capabilities.agent.test.AccountCreationTest"/>
            <class
                    name="com.guidewire.capabilities.fnol.test.gpa.pa.GPA_PAFileAClaimTest"/>
            <class
                    name="com.guidewire.capabilities.faq.test.FaqTest"/>
            <class
                    name="com.guidewire.capabilities.fnol.test.gpa.general.GPA_GeneralFileAClaimTest"/>
            <class
                    name="com.guidewire.capabilities.fnol.test.gpa.wc.GPA_WCFileAClaimTest"/>
            <class
                    name="com.guidewire.capabilities.claims.test.gpa.GPA_ClaimFilteringTest"/>
            <class
                    name="com.guidewire.capabilities.fnol.test.gpa.ho.GPA_HOFileAClaimTest"/>
            <class
                    name="com.guidewire.capabilities.agent.test.PAQuoteCreationTest"/>
            <class
                    name="com.guidewire.capabilities.agent.test.QuoteDetailsPageTest"/>
            <class
                    name="com.guidewire.capabilities.claims.test.gpa.GPA_ClaimListPageUIValidationTest"/>
            <class
                    name="com.guidewire.capabilities.agent.test.HOScheduledItemsTest"/>
            <class
                    name="com.guidewire.capabilities.agent.test.ClaimFeatureTest"/>
            <class
                    name="com.guidewire.capabilities.agent.test.activity.ActivitiesTest"/>
            <class
                    name="com.guidewire.capabilities.agent.test.AccountSummaryTest"/>
            <class
                    name="com.guidewire.capabilities.agent.test.AccountLandingPageTest"/>
            <class
                    name="com.guidewire.capabilities.agent.test.HOQuoteCreationTest"/>
            <class
                    name="com.guidewire.capabilities.agent.test.AccountDetailsTests"/>
            <class
                    name="com.guidewire.capabilities.agent.test.PolicySummaryTest"/>
            <class
                    name="com.guidewire.capabilities.agent.test.PolicyChangeFeatureTest"/>
            <class
                    name="com.guidewire.capabilities.agent.test.RiskReservedTest"/>
            <class name="com.guidewire.test.QnB.BOPValidationCommon"/>
            <class
                    name="com.guidewire.capabilities.agent.test.HOPQuoteCreationTest"/>
        </classes>
    </test>
    <test name="EDGE" parallel="methods" thread-count="1">
        <parameter name="browserName" value="MicrosoftEdge"></parameter>
        <classes>
            <class
                    name="com.guidewire.capabilities.agent.test.activity.ActivitiesLandingPageTest"/>
            <class
                    name="com.guidewire.capabilities.agent.test.PolicyCreationTest"/>
            <class
                    name="com.guidewire.capabilities.agent.test.PolicyDetailsPageTest"/>
            <class
                    name="com.guidewire.capabilities.agent.test.PolicyCancellationTest"/>
            <class
                    name="com.guidewire.capabilities.endorsement.test.pa.agent.PAEndorsementTest"/>
            <class
                    name="com.guidewire.capabilities.agent.test.CPLineTest"/>
            <class
                    name="com.guidewire.capabilities.agent.test.BOPLineTest"/>
            <class
                    name="com.guidewire.capabilities.agent.test.BOPPolicyChangeTest"/>
            <class
                    name="com.guidewire.capabilities.agent.test.CPPolicyChangeTest"/>
            <class
                    name="com.guidewire.capabilities.agent.test.LandingPageTest"/>
            <class
                    name="com.guidewire.capabilities.agent.test.AccountCreationTest"/>
            <class
                    name="com.guidewire.capabilities.fnol.test.gpa.pa.GPA_PAFileAClaimTest"/>
            <class
                    name="com.guidewire.capabilities.faq.test.FaqTest"/>
            <class
                    name="com.guidewire.capabilities.fnol.test.gpa.general.GPA_GeneralFileAClaimTest"/>
            <class
                    name="com.guidewire.capabilities.fnol.test.gpa.wc.GPA_WCFileAClaimTest"/>
            <class
                    name="com.guidewire.capabilities.claims.test.gpa.GPA_ClaimFilteringTest"/>
            <class
                    name="com.guidewire.capabilities.fnol.test.gpa.ho.GPA_HOFileAClaimTest"/>
            <class
                    name="com.guidewire.capabilities.agent.test.PAQuoteCreationTest"/>
            <class
                    name="com.guidewire.capabilities.agent.test.QuoteDetailsPageTest"/>
            <class
                    name="com.guidewire.capabilities.claims.test.gpa.GPA_ClaimListPageUIValidationTest"/>
            <class
                    name="com.guidewire.capabilities.agent.test.HOScheduledItemsTest"/>
            <class
                    name="com.guidewire.capabilities.agent.test.ClaimFeatureTest"/>
            <class
                    name="com.guidewire.capabilities.agent.test.activity.ActivitiesTest"/>
            <class
                    name="com.guidewire.capabilities.agent.test.AccountSummaryTest"/>
            <class
                    name="com.guidewire.capabilities.agent.test.AccountLandingPageTest"/>
            <class
                    name="com.guidewire.capabilities.agent.test.HOQuoteCreationTest"/>
            <class
                    name="com.guidewire.capabilities.agent.test.AccountDetailsTests"/>
            <class
                    name="com.guidewire.capabilities.agent.test.PolicySummaryTest"/>
            <class
                    name="com.guidewire.capabilities.agent.test.PolicyChangeFeatureTest"/>
            <class
                    name="com.guidewire.capabilities.agent.test.RiskReservedTest"/>
            <class name="com.guidewire.test.QnB.BOPValidationCommon"/>
            <class
                    name="com.guidewire.capabilities.agent.test.HOPQuoteCreationTest"/>
        </classes>
    </test>

    <test name="NEXUS10" parallel="classes" thread-count="1">
        <parameter name="browserName" value="NEXUS10"></parameter>
        <classes>
            <class
                    name="com.guidewire.capabilities.agent.test.activity.ActivitiesLandingPageTest"/>
            <class
                    name="com.guidewire.capabilities.agent.test.AccountCreationTest"/>
            <class
                    name="com.guidewire.capabilities.agent.test.PolicyDetailsPageTest"/>
            <class
                    name="com.guidewire.capabilities.agent.test.CPLineTest"/>
            <class
                    name="com.guidewire.capabilities.agent.test.BOPLineTest"/>
            <class
                    name="com.guidewire.capabilities.agent.test.BOPPolicyChangeTest"/>
            <class
                    name="com.guidewire.capabilities.agent.test.CPPolicyChangeTest"/>
            <class
                    name="com.guidewire.capabilities.agent.test.LandingPageTest"/>
            <class
                    name="com.guidewire.capabilities.agent.test.PolicyCreationTest"/>
            <class
                    name="com.guidewire.capabilities.agent.test.PolicyCancellationTest"/>
            <class
                    name="com.guidewire.capabilities.endorsement.test.pa.agent.PAEndorsementTest"/>
            <class
                    name="com.guidewire.capabilities.fnol.test.gpa.pa.GPA_PAFileAClaimTest"/>
            <class
                    name="com.guidewire.capabilities.faq.test.FaqTest"/>
            <class
                    name="com.guidewire.capabilities.fnol.test.gpa.general.GPA_GeneralFileAClaimTest"/>
            <class
                    name="com.guidewire.capabilities.fnol.test.gpa.wc.GPA_WCFileAClaimTest"/>
            <class
                    name="com.guidewire.capabilities.claims.test.gpa.GPA_ClaimFilteringTest"/>
            <class
                    name="com.guidewire.capabilities.fnol.test.gpa.ho.GPA_HOFileAClaimTest"/>
            <class
                    name="com.guidewire.capabilities.agent.test.PAQuoteCreationTest"/>
            <class
                    name="com.guidewire.capabilities.agent.test.QuoteDetailsPageTest"/>
            <class
                    name="com.guidewire.capabilities.claims.test.gpa.GPA_ClaimListPageUIValidationTest"/>
            <class
                    name="com.guidewire.capabilities.agent.test.HOScheduledItemsTest"/>
            <class
                    name="com.guidewire.capabilities.agent.test.ClaimFeatureTest"/>
            <class
                    name="com.guidewire.capabilities.agent.test.activity.ActivitiesTest"/>
            <class
                    name="com.guidewire.capabilities.agent.test.AccountLandingPageTest"/>
            <class
                    name="com.guidewire.capabilities.agent.test.HOQuoteCreationTest"/>
            <class
                    name="com.guidewire.capabilities.agent.test.AccountDetailsTests"/>
            <class
                    name="com.guidewire.capabilities.agent.test.PolicySummaryTest"/>
            <class
                    name="com.guidewire.capabilities.agent.test.PolicyChangeFeatureTest"/>
            <class
                    name="com.guidewire.capabilities.agent.test.RiskReservedTest"/>
            <class name="com.guidewire.test.QnB.BOPValidationCommon"/>
            <class
                    name="com.guidewire.capabilities.agent.test.HOPQuoteCreationTest"/>
        </classes>
    </test>

    <test name="iPAD" parallel="classes" thread-count="1">
        <parameter name="browserName" value="iPAD"></parameter>
        <classes>
            <class
                    name="com.guidewire.capabilities.agent.test.activity.ActivitiesLandingPageTest"/>
            <class
                    name="com.guidewire.capabilities.agent.test.AccountCreationTest"/>
            <class
                    name="com.guidewire.capabilities.agent.test.PolicyDetailsPageTest"/>
            <class
                    name="com.guidewire.capabilities.agent.test.CPLineTest"/>
            <class
                    name="com.guidewire.capabilities.agent.test.BOPLineTest"/>
            <class
                    name="com.guidewire.capabilities.agent.test.BOPPolicyChangeTest"/>
            <class
                    name="com.guidewire.capabilities.agent.test.CPPolicyChangeTest"/>
            <class
                    name="com.guidewire.capabilities.agent.test.LandingPageTest"/>
            <class
                    name="com.guidewire.capabilities.agent.test.PolicyCreationTest"/>
            <class
                    name="com.guidewire.capabilities.agent.test.PolicyCancellationTest"/>
            <class
                    name="com.guidewire.capabilities.endorsement.test.pa.agent.PAEndorsementTest"/>
            <class
                    name="com.guidewire.capabilities.fnol.test.gpa.pa.GPA_PAFileAClaimTest"/>
            <class
                    name="com.guidewire.capabilities.faq.test.FaqTest"/>
            <class
                    name="com.guidewire.capabilities.fnol.test.gpa.general.GPA_GeneralFileAClaimTest"/>
            <class
                    name="com.guidewire.capabilities.fnol.test.gpa.wc.GPA_WCFileAClaimTest"/>
            <class
                    name="com.guidewire.capabilities.claims.test.gpa.GPA_ClaimFilteringTest"/>
            <class
                    name="com.guidewire.capabilities.fnol.test.gpa.ho.GPA_HOFileAClaimTest"/>
            <class
                    name="com.guidewire.capabilities.agent.test.PAQuoteCreationTest"/>
            <class
                    name="com.guidewire.capabilities.agent.test.QuoteDetailsPageTest"/>
            <class
                    name="com.guidewire.capabilities.claims.test.gpa.GPA_ClaimListPageUIValidationTest"/>
            <class
                    name="com.guidewire.capabilities.agent.test.HOScheduledItemsTest"/>
            <class
                    name="com.guidewire.capabilities.agent.test.ClaimFeatureTest"/>
            <class
                    name="com.guidewire.capabilities.agent.test.activity.ActivitiesTest"/>
            <class
                    name="com.guidewire.capabilities.agent.test.AccountSummaryTest"/>
            <class
                    name="com.guidewire.capabilities.agent.test.AccountLandingPageTest"/>
            <class
                    name="com.guidewire.capabilities.agent.test.HOQuoteCreationTest"/>
            <class
                    name="com.guidewire.capabilities.agent.test.AccountDetailsTests"/>
            <class
                    name="com.guidewire.capabilities.agent.test.PolicySummaryTest"/>
            <class
                    name="com.guidewire.capabilities.agent.test.PolicyChangeFeatureTest"/>
            <class
                    name="com.guidewire.capabilities.agent.test.RiskReservedTest"/>
            <class name="com.guidewire.test.QnB.BOPValidationCommon"/>
            <class
                    name="com.guidewire.capabilities.agent.test.HOPQuoteCreationTest"/>
        </classes>
    </test>
</suite>
