<?xml version="1.0" encoding="UTF-8"?>
<!DOCTYPE suite
		SYSTEM 'http://testng.org/testng-1.0.dtd'>
<suite name="CP-PolicyHolder" parallel="tests" thread-count="1">
							<parameter name="browserName" value="chrome" />
							<listeners>
														<listener class-name="com.guidewire.common.testNG.InvocationListner" />
														<listener class-name="com.guidewire.common.testNG.TestListener" />
														<listener class-name="com.guidewire.common.testNG.AnnotationTransformer" />
														<listener class-name="org.uncommons.reportng.HTMLReporter"/>
     													<listener class-name="org.uncommons.reportng.JUnitXMLReporter"/>
							</listeners>
							<test name="CHROME" parallel="methods" thread-count="5">
														<parameter name="browserName" value="chrome" />
														<packages>
																					<package
																												name="com.guidewire.test.claimportal.policyholder.*" />
																					<package
																												name="com.guidewire.capabilities.claims.test.cp.*" />
																					<package
																												name="com.guidewire.capabilities.fnol.test.cp.*" />
																					<package name="com.guidewire.capabilities.faq.test.*" />
														</packages>
							</test>
							<test name="FIREFOX" parallel="methods" thread-count="1">
														<parameter name="browserName" value="firefox" />
														<packages>
																					<package
																												name="com.guidewire.test.claimportal.policyholder.*" />
																					<package
																												name="com.guidewire.capabilities.claims.test.cp.*" />
																					<package
																												name="com.guidewire.capabilities.fnol.test.cp.*" />
																					<package name="com.guidewire.capabilities.faq.test.*" />
														</packages>
							</test>
							<test name="IE" parallel="methods" thread-count="1">
														<parameter name="browserName" value="internet explorer"></parameter>
														<packages>
																					<package
																												name="com.guidewire.test.claimportal.policyholder.*" />
																					<package
																												name="com.guidewire.capabilities.claims.test.cp.*" />
																					<package
																												name="com.guidewire.capabilities.fnol.test.cp.*" />
																					<package name="com.guidewire.capabilities.faq.test.*" />
														</packages>
							</test>
							<test name="EDGE" parallel="methods" thread-count="1">
							<parameter name="browserName" value="MicrosoftEdge"></parameter>
							<packages>
								<package
										name="com.guidewire.test.claimportal.policyholder.*" />
								<package
										name="com.guidewire.capabilities.claims.test.cp.*" />
								<package
										name="com.guidewire.capabilities.fnol.test.cp.*" />
								<package name="com.guidewire.capabilities.faq.test.*" />
							</packages>
							</test>

<test name="NEXUS10" parallel="classes" thread-count="1">
														<parameter name="browserName" value="NEXUS10" />
														<packages>
																					<package
																												name="com.guidewire.test.claimportal.policyholder.*" />
																					<package
																												name="com.guidewire.capabilities.claims.test.cp.*" />
																					<package
																												name="com.guidewire.capabilities.fnol.test.cp.*" />
																					<package name="com.guidewire.capabilities.faq.test.*" />
														</packages>
							</test>
							<test name="NEXUS5" parallel="classes" thread-count="1">
														<parameter name="browserName" value="NEXUS5" />
														<packages>
																					<package
																												name="com.guidewire.test.claimportal.policyholder.*" />
																					<package
																												name="com.guidewire.capabilities.claims.test.cp.*" />
																					<package
																												name="com.guidewire.capabilities.fnol.test.cp.*" />
																					<package name="com.guidewire.capabilities.faq.test.*" />
														</packages>
							</test>
							<test name="iPAD" parallel="classes" thread-count="1">
														<parameter name="browserName" value="iPAD" />
														<packages>
																					<package
																												name="com.guidewire.test.claimportal.policyholder.*" />
																					<package
																												name="com.guidewire.capabilities.claims.test.cp.*" />
																					<package
																												name="com.guidewire.capabilities.fnol.test.cp.*" />
																					<package name="com.guidewire.capabilities.faq.test.*" />
														</packages>
							</test>
							<test name="IPHONE6" parallel="classes" thread-count="1">
														<parameter name="browserName" value="IPHONE6" />
														<packages>
																					<package
																												name="com.guidewire.test.claimportal.policyholder.*" />
																					<package
																												name="com.guidewire.capabilities.claims.test.cp.*" />
																					<package
																												name="com.guidewire.capabilities.fnol.test.cp.*" />
																					<package name="com.guidewire.capabilities.faq.test.*" />
														</packages>
							</test>
							<test name="IPHONE6S" parallel="classes" thread-count="1">
														<parameter name="browserName" value="IPHONE6S" />
														<packages>
																					<package
																												name="com.guidewire.test.claimportal.policyholder.*" />
																					<package
																												name="com.guidewire.capabilities.claims.test.cp.*" />
																					<package
																												name="com.guidewire.capabilities.fnol.test.cp.*" />
																					<package name="com.guidewire.capabilities.faq.test.*" />
														</packages>
							</test>
							<test name="LGG5" parallel="classes" thread-count="1">
														<parameter name="browserName" value="LGG5" />
														<packages>
																					<package
																												name="com.guidewire.test.claimportal.policyholder.*" />
																					<package
																												name="com.guidewire.capabilities.claims.test.cp.*" />
																					<package
																												name="com.guidewire.capabilities.fnol.test.cp.*" />
																					<package name="com.guidewire.capabilities.faq.test.*" />
														</packages>
							</test>
							<test name="GALAXYTABS2" parallel="classes" thread-count="1">
														<parameter name="browserName" value="GALAXYTABS2" />
														<packages>
																					<package
																												name="com.guidewire.test.claimportal.policyholder.*" />
																					<package
																												name="com.guidewire.capabilities.claims.test.cp.*" />
																					<package
																												name="com.guidewire.capabilities.fnol.test.cp.*" />
																					<package name="com.guidewire.capabilities.faq.test.*" />
														</packages>
							</test>
							<test name="IPADAIR2" parallel="classes" thread-count="1">
														<parameter name="browserName" value="IPADAIR2" />
														<packages>
																					<package
																												name="com.guidewire.test.claimportal.policyholder.*" />
																					<package
																												name="com.guidewire.capabilities.claims.test.cp.*" />
																					<package
																												name="com.guidewire.capabilities.fnol.test.cp.*" />
																					<package name="com.guidewire.capabilities.faq.test.*" />
														</packages>
							</test>
</suite>