<?xml version="1.0" encoding="UTF-8"?>
<!DOCTYPE suite SYSTEM "http://testng.org/testng-1.0.dtd">
<suite name="AMP" parallel="tests" thread-count="5">
							<parameter name="browserName" value="chrome"></parameter>

							<listeners>
														<listener class-name="com.guidewire.common.testNG.InvocationListner"></listener>
														<listener class-name="com.guidewire.common.testNG.TestListener"></listener>
														<!-- <listener class-name="com.guidewire.common.testNG.GroupedLoggingAppender"></listener> -->
							</listeners>
							<test name="CHROME" parallel="methods" thread-count="2">
														<parameter name="browserName" value="chrome"></parameter>
														<classes>
																					<class name="com.guidewire.test.QnB.TestDevelopement" />
														</classes>
							</test>
							<test name="FIREFOX" parallel="methods" thread-count="1">
														<parameter name="browserName" value="firefox"></parameter>
														<classes>
																					<class name="com.guidewire.test.QnB.TestDevelopement" />
														</classes>
							</test>

							<test name="IE" parallel="methods" thread-count="5">
														<parameter name="browserName" value="internet explorer"></parameter>
														<classes>
																					<class name="com.guidewire.test.QnB.TestDevelopement" />
														</classes>
							</test>

							<!-- <test name="IE" parallel="methods" thread-count="5"> <parameter 
														name="browserName" value="internet explorer"></parameter> <classes> <class 
														name="com.guidewire.test.claimportal.policyholder.CreateClaimTest" /> <class 
														name="com.guidewire.test.QnB.TestDevelopement" /> <class name="com.guidewire.test.QnB.PAQuoteGenerationTest" 
														/> <class name="com.guidewire.test.QnB.PAUIValidationTest" /> <class name="com.guidewire.test.QnB.HOUIValidationTest" 
														/> <class name="com.guidewire.test.QnB.HOQuoteGenerationTest" /> </classes> 
														</test> -->

							<!-- <test name="ANDROID" parallel="classes" thread-count="1"> <parameter 
														name="browserName" value="android"></parameter> <classes> <class name="com.guidewire.test.QnB.TestDevelopement" 
														/> </classes> </test> -->
							<!-- <test name="iOS" parallel="classes" thread-count="1"> <parameter 
														name="browserName" value="iOS"></parameter> <classes> <class name="com.guidewire.test.QnB.TestDevelopement" 
														/> </classes> </test> -->

							<!-- <test name="PHANTOMJS" parallel="methods" thread-count="5"> <parameter 
														name="browserName" value="phantomjs"></parameter> <classes> <class name="com.guidewire.test.TestDevelopement" 
														/> </classes> </test> -->


</suite>
