<?xml version="1.0" encoding="UTF-8"?>
<!DOCTYPE suite SYSTEM "http://testng.org/testng-1.0.dtd">
<suite name="QnB" parallel="tests" thread-count="5">
    <parameter name="browserName" value="chrome"></parameter>

    <listeners>
        <listener class-name="com.guidewire.common.testNG.InvocationListner"/>
        <listener class-name="com.guidewire.common.testNG.TestListener"/>
        <listener class-name="com.guidewire.common.testNG.AnnotationTransformer"/>
        <listener class-name="org.uncommons.reportng.HTMLReporter"/>
        <listener class-name="org.uncommons.reportng.JUnitXMLReporter"/>
    </listeners>

    <test name="CHROME" parallel="methods" thread-count="20">
        <parameter name="browserName" value="chrome"></parameter>
        <classes>
            <class name="com.guidewire.test.QnB.PAUIValidationTest"/>
            <class name="com.guidewire.test.QnB.PAQuoteGenerationTest"/>
            <class name="com.guidewire.test.QnB.HOUIValidationTest"/>
            <class name="com.guidewire.test.QnB.INowHOUIValidationTest"/>
            <class name="com.guidewire.test.QnB.HOQuoteGenerationTest"/>
            <class name="com.guidewire.test.QnB.INowHOQuoteGenerationTest"/>
            <class name="com.guidewire.capabilities.faq.test.FaqTest"/>
            <class name="com.guidewire.test.QnB.FbTest"/>
            <class name="com.guidewire.test.QnB.QuickQuoteTest"/>
            <class name="com.guidewire.test.QnB.BOPValidationTest"/>
            <class name="com.guidewire.test.QnB.BOPPCSavingTest"/>
            <class name="com.guidewire.capabilities.quote.test.hop.HOPQuoteUIValidationTest"/>
            <class name="com.guidewire.test.QnB.GTPFlowTest"/>
            <class name="com.guidewire.test.QnB.GTCPAFlowTest"/>
            <class name="com.guidewire.test.QnB.GTCHOFlowTest"/>
            <class name="com.guidewire.test.QnB.GTCHOPFlowTest"/>
            <class name="com.guidewire.test.QnB.BOPValidationCommon"/>
        </classes>
    </test>

    <test name="IE" parallel="methods" thread-count="10">
        <parameter name="browserName" value="internet explorer"></parameter>
        <classes>
            <class name="com.guidewire.test.QnB.PAQuoteGenerationTest"/>
            <class name="com.guidewire.test.QnB.HOQuoteGenerationTest"/>
            <class name="com.guidewire.test.QnB.INowHOQuoteGenerationTest"/>
            <class name="com.guidewire.test.QnB.INowHOUIValidationTest"/>
            <class name="com.guidewire.test.QnB.PAUIValidationTest"/>
            <class name="com.guidewire.test.QnB.HOUIValidationTest"/>
            <class name="com.guidewire.capabilities.faq.test.FaqTest"/>
            <class name="com.guidewire.test.QnB.FbTest"/>
            <class name="com.guidewire.test.QnB.QuickQuoteTest"/>
            <class name="com.guidewire.capabilities.quote.test.hop.HOPQuoteUIValidationTest"/>
            <class name="com.guidewire.test.QnB.BOPPCSavingTest"/>
            <class name="com.guidewire.test.QnB.BOPValidationTest"/>
            <class name="com.guidewire.test.QnB.GTPFlowTest"/>
            <class name="com.guidewire.test.QnB.GTCPAFlowTest"/>
            <class name="com.guidewire.test.QnB.GTCHOFlowTest"/>
            <class name="com.guidewire.test.QnB.GTCHOPFlowTest"/>
            <class name="com.guidewire.test.QnB.BOPValidationCommon"/>
        </classes>
    </test>

    <test name="EDGE" parallel="methods" thread-count="5">
        <parameter name="browserName" value="MicrosoftEdge"></parameter>
        <classes>
            <class name="com.guidewire.test.QnB.PAQuoteGenerationTest"/>
            <class name="com.guidewire.test.QnB.HOQuoteGenerationTest"/>
            <class name="com.guidewire.test.QnB.INowHOQuoteGenerationTest"/>
            <class name="com.guidewire.test.QnB.INowHOUIValidationTest"/>
            <class name="com.guidewire.test.QnB.PAUIValidationTest"/>
            <class name="com.guidewire.test.QnB.HOUIValidationTest"/>
            <class name="com.guidewire.capabilities.faq.test.FaqTest"/>
            <class name="com.guidewire.test.QnB.FbTest"/>
            <class name="com.guidewire.test.QnB.QuickQuoteTest"/>
            <class name="com.guidewire.capabilities.quote.test.hop.HOPQuoteUIValidationTest"/>
            <class name="com.guidewire.test.QnB.BOPPCSavingTest"/>
            <class name="com.guidewire.test.QnB.BOPValidationTest"/>
            <class name="com.guidewire.test.QnB.GTPFlowTest"/>
            <class name="com.guidewire.test.QnB.GTCPAFlowTest"/>
            <class name="com.guidewire.test.QnB.GTCHOFlowTest"/>
            <class name="com.guidewire.test.QnB.GTCHOPFlowTest"/>
            <class name="com.guidewire.test.QnB.BOPValidationCommon"/>
        </classes>
    </test>


    <test name="FIREFOX" parallel="methods" thread-count="10">
        <parameter name="browserName" value="firefox"></parameter>
        <classes>
            <class name="com.guidewire.test.QnB.HOUIValidationTest"/>
            <class name="com.guidewire.test.QnB.PAQuoteGenerationTest"/>
            <class name="com.guidewire.test.QnB.PAUIValidationTest"/>
            <class name="com.guidewire.test.QnB.HOQuoteGenerationTest"/>
            <class name="com.guidewire.test.QnB.INowHOQuoteGenerationTest"/>
            <class name="com.guidewire.test.QnB.INowHOUIValidationTest"/>
            <class name="com.guidewire.capabilities.faq.test.FaqTest"/>
            <class name="com.guidewire.test.QnB.FbTest"/>
            <class name="com.guidewire.test.QnB.QuickQuoteTest"/>
            <class name="com.guidewire.capabilities.quote.test.hop.HOPQuoteUIValidationTest"/>
            <class name="com.guidewire.test.QnB.BOPPCSavingTest"/>
            <class name="com.guidewire.test.QnB.BOPValidationTest"/>
            <class name="com.guidewire.test.QnB.GTPFlowTest"/>
            <class name="com.guidewire.test.QnB.GTCPAFlowTest"/>
            <class name="com.guidewire.test.QnB.GTCHOFlowTest"/>
            <class name="com.guidewire.test.QnB.GTCHOPFlowTest"/>
            <class name="com.guidewire.test.QnB.BOPValidationCommon"/>
        </classes>
    </test>

    <test name="NEXUS5" parallel="classes" thread-count="1">
        <parameter name="browserName" value="NEXUS5"></parameter>
        <classes>
            <class name="com.guidewire.test.QnB.PAUIValidationTest"/>
            <class name="com.guidewire.test.QnB.PAQuoteGenerationTest"/>
            <class name="com.guidewire.test.QnB.HOQuoteGenerationTest"/>
            <class name="com.guidewire.test.QnB.INowHOQuoteGenerationTest"/>
            <class name="com.guidewire.test.QnB.INowHOUIValidationTest"/>
            <class name="com.guidewire.test.QnB.HOUIValidationTest"/>
            <class name="com.guidewire.test.QnB.QuickQuoteTest"/>
            <class name="com.guidewire.capabilities.quote.test.hop.HOPQuoteUIValidationTest"/>
            <class name="com.guidewire.test.QnB.BOPPCSavingTest"/>
            <class name="com.guidewire.test.QnB.BOPValidationTest"/>
            <class name="com.guidewire.test.QnB.GTPFlowTest"/>
            <class name="com.guidewire.test.QnB.GTCPAFlowTest"/>
            <class name="com.guidewire.test.QnB.GTCHOFlowTest"/>
            <class name="com.guidewire.test.QnB.GTCHOPFlowTest"/>
            <class name="com.guidewire.test.QnB.BOPValidationCommon"/>
        </classes>
    </test>

    <test name="NEXUS10" parallel="classes" thread-count="1">
        <parameter name="browserName" value="NEXUS10"></parameter>
        <classes>
            <class name="com.guidewire.test.QnB.HOQuoteGenerationTest"/>
            <class name="com.guidewire.test.QnB.PAUIValidationTest"/>
            <class name="com.guidewire.test.QnB.PAQuoteGenerationTest"/>
            <class name="com.guidewire.test.QnB.HOUIValidationTest"/>
            <class name="com.guidewire.capabilities.faq.test.FaqTest"/>
            <class name="com.guidewire.test.QnB.FbTest"/>
            <class name="com.guidewire.test.QnB.QuickQuoteTest"/>
            <class name="com.guidewire.capabilities.quote.test.hop.HOPQuoteUIValidationTest"/>
            <class name="com.guidewire.test.QnB.BOPPCSavingTest"/>
            <class name="com.guidewire.test.QnB.BOPValidationTest"/>
            <class name="com.guidewire.test.QnB.GTPFlowTest"/>
            <class name="com.guidewire.test.QnB.GTCPAFlowTest"/>
            <class name="com.guidewire.test.QnB.GTCHOFlowTest"/>
            <class name="com.guidewire.test.QnB.GTCHOPFlowTest"/>
            <class name="com.guidewire.test.QnB.BOPValidationCommon"/>
        </classes>
    </test>

    <test name="IPHONE6" parallel="classes" thread-count="1">
        <parameter name="browserName" value="IPHONE6"></parameter>
        <classes>
            <class name="com.guidewire.test.QnB.PAUIValidationTest"/>
            <class name="com.guidewire.test.QnB.PAQuoteGenerationTest"/>
            <class name="com.guidewire.test.QnB.HOQuoteGenerationTest"/>
            <class name="com.guidewire.test.QnB.HOUIValidationTest"/>
            <class name="com.guidewire.capabilities.faq.test.FaqTest"/>
            <class name="com.guidewire.test.QnB.FbTest"/>
            <class name="com.guidewire.test.QnB.QuickQuoteTest"/>
            <class name="com.guidewire.test.QnB.BOPPCSavingTest"/>
            <class name="com.guidewire.test.QnB.BOPValidationTest"/>
            <class name="com.guidewire.test.QnB.GTPFlowTest"/>
            <class name="com.guidewire.test.QnB.GTCPAFlowTest"/>
            <class name="com.guidewire.test.QnB.GTCHOFlowTest"/>
            <class name="com.guidewire.test.QnB.GTCHOPFlowTest"/>
            <class name="com.guidewire.test.QnB.BOPValidationCommon"/>
        </classes>
    </test>

    <test name="iPAD" parallel="classes" thread-count="1">
        <parameter name="browserName" value="iPAD"></parameter>
        <classes>
            <class name="com.guidewire.test.QnB.HOQuoteGenerationTest"/>
            <class name="com.guidewire.test.QnB.PAQuoteGenerationTest"/>
            <class name="com.guidewire.test.QnB.PAUIValidationTest"/>
            <class name="com.guidewire.test.QnB.HOUIValidationTest"/>
            <class name="com.guidewire.capabilities.faq.test.FaqTest"/>
            <class name="com.guidewire.test.QnB.FbTest"/>
            <class name="com.guidewire.test.QnB.QuickQuoteTest"/>
            <class name="com.guidewire.test.QnB.BOPPCSavingTest"/>
            <class name="com.guidewire.test.QnB.BOPValidationTest"/>
            <class name="com.guidewire.test.QnB.GTPFlowTest"/>
            <class name="com.guidewire.test.QnB.GTCPAFlowTest"/>
            <class name="com.guidewire.test.QnB.GTCHOFlowTest"/>
            <class name="com.guidewire.test.QnB.GTCHOPFlowTest"/>
            <class name="com.guidewire.test.QnB.BOPValidationCommon"/>
        </classes>
    </test>
</suite>