<?xml version="1.0" encoding="UTF-8"?>
<!DOCTYPE suite
        SYSTEM 'http://testng.org/testng-1.0.dtd'>
<suite name="CP-VendorService" parallel="tests" thread-count="5">
							<parameter name="browserName" value="chrome" />
							<listeners>
														<listener class-name="com.guidewire.common.testNG.InvocationListner" />
														<listener class-name="com.guidewire.common.testNG.TestListener" />
														<listener class-name="com.guidewire.common.testNG.AnnotationTransformer" />
														<listener class-name="org.uncommons.reportng.HTMLReporter"/>
     													<listener class-name="org.uncommons.reportng.JUnitXMLReporter"/>
							</listeners>
							<test name="CHROME" parallel="methods" thread-count="8">
														<parameter name="browserName" value="chrome" />
														<classes>
																					<class
																												name="com.guidewire.capabilities.faq.test.FaqTest" />
														</classes>
							</test>
							<test name="FIREFOX" parallel="methods" thread-count="8">
														<parameter name="browserName" value="firefox" />
														<classes>
																					<class
																												name="com.guidewire.capabilities.faq.test.FaqTest" />
														</classes>
							</test>
							<test name="IE" parallel="methods" thread-count="3">
														<parameter name="browserName" value="internet explorer" />
														<classes>
																					<class
																												name="com.guidewire.capabilities.faq.test.FaqTest" />
														</classes>
							</test>
							<test name="NEXUS5" parallel="classes" thread-count="1">
														<parameter name="browserName" value="NEXUS5" />
														<classes>
																					<class
																												name="com.guidewire.capabilities.faq.test.FaqTest" />
														</classes>
							</test>
							<test name="NEXUS10" parallel="classes" thread-count="1">
														<parameter name="browserName" value="NEXUS10" />
														<classes>
																					<class
																												name="com.guidewire.capabilities.faq.test.FaqTest" />
														</classes>
							</test>
							<test name="iPAD" parallel="classes" thread-count="1">
														<parameter name="browserName" value="iPAD" />
														<classes>
																					<class
																												name="com.guidewire.capabilities.faq.test.FaqTest" />
														</classes>
							</test>
							<test name="IPHONE6" parallel="classes" thread-count="1">
														<parameter name="browserName" value="IPHONE6" />
														<classes>
																					<class
																												name="com.guidewire.capabilities.faq.test.FaqTest" />
														</classes>
							</test>
</suite>